City_ID,City,Country,Lat,Lng,Max Temp,Humidity,Cloudiness,Wind Speed,Current Description
0,Ribeira Grande,PT,38.5167,-28.7,71.55,88,61,11.74,broken clouds
1,Kampot,KH,10.6167,104.1833,80.65,90,100,6.44,overcast clouds
2,Rikitea,PF,-23.1203,-134.9692,74.26,78,99,15.95,light rain
3,East London,ZA,-33.0153,27.9116,63.63,87,63,12.12,broken clouds
4,Vanimo,PG,-2.6741,141.3028,77.76,88,100,4.7,light rain
5,Bethel,US,41.3712,-73.414,65.08,89,90,0.0,overcast clouds
6,Jalu,LY,29.0331,21.5482,67.62,52,0,7.18,clear sky
7,Zaraza,VE,9.3503,-65.3245,76.98,88,94,6.69,overcast clouds
8,Vaini,TO,-21.2,-175.2,80.76,89,40,11.5,scattered clouds
9,Sao Miguel Do Araguaia,BR,-13.275,-50.1628,88.77,32,69,1.9,broken clouds
10,Pisco,PE,-13.7,-76.2167,64.45,77,0,14.97,clear sky
11,Caravelas,BR,-17.7125,-39.2481,73.71,90,6,3.51,clear sky
12,Kapaa,US,22.0752,-159.319,84.18,73,40,4.0,scattered clouds
13,Albany,US,42.6001,-73.9662,61.81,90,23,2.59,few clouds
14,Tuatapere,NZ,-46.1333,167.6833,62.8,52,92,6.11,overcast clouds
15,Pinega,RU,64.7001,43.3936,45.3,80,100,11.74,overcast clouds
16,Norman Wells,CA,65.282,-126.8329,35.64,75,20,9.22,few clouds
17,Bodaybo,RU,57.8506,114.1933,31.15,80,99,6.8,overcast clouds
18,Mataura,NZ,-46.1927,168.8643,61.92,52,78,2.08,broken clouds
19,Kenai,US,60.5544,-151.2583,45.03,94,90,0.0,moderate rain
20,Avarua,CK,-21.2078,-159.775,78.85,65,20,14.97,few clouds
21,Nikolskoye,RU,59.7035,30.7861,49.39,73,2,10.16,clear sky
22,Bredasdorp,ZA,-34.5322,20.0403,61.29,88,41,12.66,scattered clouds
23,Lumphat,KH,13.4878,106.9816,72.72,99,100,5.21,overcast clouds
24,Butaritari,KI,3.0707,172.7902,81.99,69,59,14.54,broken clouds
25,Padang,ID,-0.9492,100.3543,75.25,83,100,2.77,overcast clouds
26,Lebu,CL,-37.6167,-73.65,51.76,77,0,17.74,clear sky
27,Primorsk,UA,46.7348,36.3443,48.13,54,9,23.69,clear sky
28,Hermanus,ZA,-34.4187,19.2345,61.81,87,3,14.56,clear sky
29,Namibe,AO,-15.1961,12.1522,61.14,86,64,8.41,broken clouds
30,Cherskiy,RU,68.75,161.3,13.84,95,95,6.8,overcast clouds
31,Busselton,AU,-33.65,115.3333,56.05,80,100,9.1,overcast clouds
32,Lavrentiya,RU,65.5833,-171.0,36.91,97,100,7.31,overcast clouds
33,Zherdevka,RU,51.8486,41.4606,40.21,57,100,4.81,light rain
34,Severo-Kurilsk,RU,50.6789,156.125,46.29,68,42,11.88,scattered clouds
35,Ushuaia,AR,-54.8,-68.3,40.66,93,75,27.63,heavy intensity rain
36,Tasiilaq,GL,65.6145,-37.6368,32.16,61,0,5.44,clear sky
37,Esperance,AU,-33.8667,121.9,51.64,60,86,9.28,overcast clouds
38,Port Alfred,ZA,-33.5906,26.891,64.42,88,13,19.08,few clouds
39,Coihueco,CL,-36.6167,-71.8333,65.14,39,0,5.75,clear sky
40,Auki,SB,-8.7676,160.7034,85.1,68,69,2.66,broken clouds
41,Maracaju,BR,-21.6144,-55.1683,79.18,67,84,2.93,broken clouds
42,San Patricio,US,28.017,-97.5169,86.72,49,0,10.45,clear sky
43,Jamestown,US,42.097,-79.2353,69.44,80,1,5.75,clear sky
44,Cape Town,ZA,-33.9258,18.4232,63.27,68,0,1.99,clear sky
45,Puerto Ayora,EC,-0.7393,-90.3518,68.56,95,91,5.01,overcast clouds
46,Makakilo City,US,21.3469,-158.0858,86.32,49,40,10.36,scattered clouds
47,Buala,SB,-8.145,159.5921,85.33,69,58,7.65,light rain
48,Mahebourg,MU,-20.4081,57.7,72.25,94,40,6.91,scattered clouds
49,Taos,US,36.4072,-105.5731,70.2,36,75,10.0,broken clouds
50,Santa Lucia,ES,27.9117,-15.5407,65.12,76,20,13.8,few clouds
51,Castro,BR,-24.7911,-50.0119,64.33,94,98,1.1,overcast clouds
52,Hithadhoo,MV,-0.6,73.0833,83.41,74,60,11.56,broken clouds
53,Biloela,AU,-24.4167,150.5,80.49,27,2,9.04,clear sky
54,Coromandel,BR,-18.4733,-47.2003,76.21,51,33,9.24,scattered clouds
55,Ambon,ID,-3.6954,128.1814,75.34,94,75,6.91,thunderstorm with light rain
56,Viedma,AR,-40.8135,-62.9967,40.98,57,0,8.14,clear sky
57,Quelimane,MZ,-17.8786,36.8883,73.35,83,0,5.01,clear sky
58,Saryozek,KZ,44.3583,77.9753,27.7,64,53,2.1,broken clouds
59,Pevek,RU,69.7008,170.3133,26.55,76,100,11.45,overcast clouds
60,Punta Arenas,CL,-53.15,-70.9167,44.71,76,20,24.16,few clouds
61,Eureka,US,40.8021,-124.1637,63.68,72,14,8.99,few clouds
62,Narsaq,GL,60.9167,-46.05,44.82,53,88,9.08,overcast clouds
63,Bengkulu,ID,-3.8004,102.2655,73.74,93,100,2.66,overcast clouds
64,Yar-Sale,RU,66.8333,70.8333,44.24,85,100,21.07,overcast clouds
65,Hasaki,JP,35.7333,140.8333,68.4,70,100,10.22,overcast clouds
66,Upernavik,GL,72.7868,-56.1549,30.43,52,95,4.32,overcast clouds
67,Yellowknife,CA,62.456,-114.3525,40.41,85,90,4.0,overcast clouds
68,Bluff,NZ,-46.6,168.3333,56.01,70,90,4.16,overcast clouds
69,Tateyama,JP,34.9833,139.8667,72.01,73,99,11.59,overcast clouds
70,Lorengau,PG,-2.0226,147.2712,83.41,71,74,5.21,broken clouds
71,Kondagaon,IN,19.6,81.6667,69.53,94,30,0.58,scattered clouds
72,Stettler,CA,52.3168,-112.7186,51.64,50,78,10.36,broken clouds
73,Khatanga,RU,71.9667,102.5,13.8,98,97,6.67,overcast clouds
74,Cabo San Lucas,MX,22.8909,-109.9124,92.61,64,0,4.14,clear sky
75,Sao Joao Da Barra,BR,-21.6403,-41.0511,71.49,84,97,11.7,overcast clouds
76,Thinadhoo,MV,0.5333,72.9333,83.62,72,49,11.9,scattered clouds
77,Sakaiminato,JP,35.55,133.2333,69.73,94,20,3.44,few clouds
78,Laguna,US,38.421,-121.4238,79.14,27,1,5.01,clear sky
79,Atuona,PF,-9.8,-139.0333,78.84,74,15,19.82,few clouds
80,Mogadishu,SO,2.0371,45.3438,77.45,84,73,17.22,broken clouds
81,Burnie,AU,-41.0667,145.9167,54.95,53,33,15.14,scattered clouds
82,Port-Cartier,CA,50.0334,-66.8654,53.82,64,84,4.76,broken clouds
83,Barrow,US,71.2906,-156.7887,30.22,93,90,11.5,mist
84,Prado,BR,-17.3411,-39.2208,73.94,86,3,5.21,clear sky
85,Arraial Do Cabo,BR,-22.9661,-42.0278,71.56,83,75,16.11,broken clouds
86,Opuwo,NA,-18.0607,13.84,65.97,29,44,3.22,scattered clouds
87,Bousso,TD,10.4795,16.7117,77.47,67,30,5.17,scattered clouds
88,Bathsheba,BB,13.2167,-59.5167,83.01,78,40,21.85,scattered clouds
89,Itarema,BR,-2.9248,-39.9167,79.48,81,98,16.87,overcast clouds
90,Nago,JP,26.5881,127.9761,80.67,81,93,12.93,light rain
91,Hilo,US,19.7297,-155.09,82.13,72,75,11.5,light rain
92,Nara,JP,34.6851,135.8049,72.72,64,9,3.22,clear sky
93,Terrace,CA,54.5163,-128.6035,51.71,62,75,10.36,broken clouds
94,Luderitz,NA,-26.6481,15.1594,59.85,61,0,5.79,clear sky
95,Komsomolskiy,UZ,40.4272,71.7189,51.22,78,46,2.13,scattered clouds
96,Qaanaaq,GL,77.484,-69.3632,19.9,64,4,8.01,clear sky
97,Necochea,AR,-38.5473,-58.7368,45.03,72,24,9.15,few clouds
98,Kodiak,US,57.79,-152.4072,51.31,76,90,4.61,overcast clouds
99,Ust-Ordynskiy,RU,52.805,104.7508,28.24,77,35,0.6,scattered clouds
100,Torbay,CA,47.6666,-52.7314,56.26,83,40,12.66,scattered clouds
101,Karratha,AU,-20.7377,116.8463,80.24,43,0,10.16,clear sky
102,Taybad,IR,34.74,60.7756,53.06,33,0,10.07,clear sky
103,Geraldton,AU,-28.7667,114.6,52.21,71,0,5.75,clear sky
104,Hualmay,PE,-11.0964,-77.6139,63.46,84,32,8.55,scattered clouds
105,Palmer,US,42.1584,-72.3287,64.08,80,20,0.0,few clouds
106,Ketchikan,US,55.3422,-131.6461,50.47,46,20,0.0,few clouds
107,Jilib,SO,0.4883,42.7854,74.34,87,89,8.32,overcast clouds
108,Coquimbo,CL,-29.9533,-71.3436,55.13,82,75,9.22,broken clouds
109,Longyearbyen,SJ,78.2186,15.6401,33.64,86,75,8.05,light rain and snow
110,Jijiang,CN,29.2906,106.2542,69.37,84,100,2.37,overcast clouds
111,Nytva,RU,57.9404,55.334,30.09,93,32,3.11,scattered clouds
112,Flagstaff,US,35.1981,-111.6513,68.31,46,1,3.0,clear sky
113,Georgetown,MY,5.4112,100.3354,80.53,92,40,8.01,scattered clouds
114,Victoria,HK,22.2855,114.1577,86.38,69,3,1.99,clear sky
115,Yakeshi,CN,49.2833,120.7333,39.09,61,70,10.33,broken clouds
116,Lebyazhye,RU,55.2689,66.4947,35.76,79,43,9.33,scattered clouds
117,Saint-Philippe,RE,-21.3585,55.7679,69.39,82,25,3.47,scattered clouds
118,Stokmarknes,NO,68.5646,14.9108,47.5,74,100,13.02,overcast clouds
119,Airai,TL,-8.9266,125.4092,74.77,34,13,3.06,few clouds
120,Dikson,RU,73.5069,80.5464,30.99,77,100,6.46,overcast clouds
121,Bilma,NE,18.6853,12.9164,80.19,17,0,4.12,clear sky
122,Porangatu,BR,-13.4408,-49.1486,84.87,38,27,2.01,scattered clouds
123,San Carlos De Bariloche,AR,-41.1456,-71.3082,47.95,15,0,8.05,clear sky
124,Kostek,RU,43.3439,46.8541,51.55,76,100,13.0,overcast clouds
125,Chuy,UY,-33.6971,-53.4616,50.45,65,29,12.84,scattered clouds
126,Thompson,CA,55.7435,-97.8558,53.76,58,75,5.75,broken clouds
127,Souillac,MU,-20.5167,57.5167,72.36,94,40,6.91,scattered clouds
128,Acapulco,MX,16.8634,-99.8901,82.78,80,39,3.62,scattered clouds
129,Dharmadam,IN,11.7833,75.4333,76.35,89,94,6.42,overcast clouds
130,Kahului,US,20.8947,-156.47,87.82,63,20,24.16,few clouds
131,Suicheng,CN,33.8963,117.9331,62.26,81,62,12.68,broken clouds
132,Maumere,ID,-8.6199,122.2111,81.05,76,64,6.38,broken clouds
133,Lasa,IT,46.6166,10.7002,49.08,95,80,8.88,broken clouds
134,Moron,AR,-34.6534,-58.6198,57.96,51,5,3.0,clear sky
135,Provideniya,RU,64.3833,-173.3,41.11,81,75,6.71,broken clouds
136,Chapais,CA,49.7834,-74.8492,55.18,74,97,2.84,overcast clouds
137,Surt,LY,31.2089,16.5887,72.05,59,0,17.2,clear sky
138,Aklavik,CA,68.2191,-135.0107,40.03,80,100,7.61,overcast clouds
139,Moura,PT,38.1401,-7.4486,68.11,49,1,5.7,clear sky
140,Lagoa,PT,39.05,-27.9833,70.7,87,46,12.5,scattered clouds
141,Porto,PT,41.1496,-8.611,68.29,78,0,1.99,clear sky
142,Zhanakorgan,KZ,43.9098,67.2495,41.56,34,48,19.93,scattered clouds
143,Atar,MR,20.5169,-13.0499,91.85,13,93,5.73,overcast clouds
144,Arrecife,ES,28.963,-13.5477,73.47,78,20,6.91,few clouds
145,Cidreira,BR,-30.1811,-50.2056,62.83,77,100,16.64,overcast clouds
146,Riyadh,SA,24.6877,46.7219,80.74,26,10,3.87,clear sky
147,Namatanai,PG,-3.6667,152.4333,84.38,67,99,1.05,overcast clouds
148,Constitucion,CL,-35.3333,-72.4167,52.97,72,0,8.1,clear sky
149,Lodja,CD,-3.4833,23.4333,67.57,95,15,1.19,few clouds
150,Pokosnoye,RU,55.5258,101.0536,28.11,88,44,4.09,scattered clouds
151,Anchorage,US,61.2181,-149.9003,47.68,75,90,8.99,light rain
152,Ancud,CL,-41.8697,-73.8203,51.33,72,0,5.53,clear sky
153,Paamiut,GL,61.994,-49.6678,38.28,60,100,8.84,overcast clouds
154,Fort Nelson,CA,58.8053,-122.7002,36.99,81,75,3.44,broken clouds
155,Hobart,AU,-42.8794,147.3294,54.05,59,75,1.99,broken clouds
156,Kisesa,TZ,-3.0833,34.15,71.87,52,93,1.5,overcast clouds
157,Kijang,KR,35.2442,129.2139,69.53,74,19,4.29,few clouds
158,Aljezur,PT,37.3191,-8.8033,68.81,62,56,2.68,broken clouds
159,Cururupu,BR,-1.8283,-44.8683,77.52,87,68,4.0,broken clouds
160,Tilichiki,RU,60.4667,166.1,27.81,83,100,12.46,light snow
161,Leningradskiy,RU,69.3833,178.4167,28.6,97,100,3.87,light snow
162,Sistranda,NO,63.7256,8.834,50.9,84,100,37.16,overcast clouds
163,Vanavara,RU,60.34,102.2797,29.23,92,100,12.33,light snow
164,Ahipara,NZ,-35.1667,173.1667,59.7,92,100,0.63,light rain
165,Codrington,AU,-38.2667,141.9667,54.73,58,55,15.26,broken clouds
166,Wewak,PG,-3.5534,143.6268,78.64,82,95,6.42,overcast clouds
167,Alofi,NU,-19.0595,-169.9187,82.29,65,86,11.5,overcast clouds
168,Kikwit,CD,-5.041,18.8162,68.97,92,75,0.78,broken clouds
169,Muyezerskiy,RU,63.9333,31.65,46.9,77,92,16.46,overcast clouds
170,Barcelona,ES,41.3888,2.159,65.53,85,0,8.05,clear sky
171,Lompoc,US,34.6391,-120.4579,77.68,74,1,14.97,clear sky
172,Nouadhibou,MR,20.931,-17.0347,75.18,69,0,17.27,clear sky
173,Vestmannaeyjar,IS,63.4427,-20.2734,45.55,78,100,28.25,overcast clouds
174,Port Elizabeth,ZA,-33.918,25.5701,61.09,94,0,6.91,clear sky
175,Salamanca,ES,40.8333,-6.0,50.99,59,54,6.13,broken clouds
176,Ostrovnoy,RU,68.0531,39.5131,46.74,87,100,23.42,overcast clouds
177,Redlands,US,34.0556,-117.1825,83.32,55,1,3.0,clear sky
178,Osakarovka,KZ,50.565,72.5692,20.41,97,18,3.67,few clouds
179,Half Moon Bay,US,37.4636,-122.4286,71.11,60,1,8.05,clear sky
180,Nishihara,JP,26.1842,127.7558,79.88,95,90,4.61,overcast clouds
181,Kesinga,IN,20.2,83.2333,74.91,88,7,1.86,clear sky
182,Saldanha,ZA,-33.0117,17.9442,64.45,66,0,7.94,clear sky
183,Sao Miguel,BR,-5.4667,-35.3667,80.92,84,55,18.39,broken clouds
184,Las Lomas,PA,8.4333,-82.4,80.01,89,75,8.05,broken clouds
185,Navirai,BR,-23.065,-54.1906,73.18,91,68,12.21,broken clouds
186,Chokurdakh,RU,70.6333,147.9167,17.67,91,98,8.63,overcast clouds
187,New Norfolk,AU,-42.7826,147.0587,53.71,47,73,4.0,broken clouds
188,Fare,PF,-16.7,-151.0167,78.96,72,18,10.71,few clouds
189,Tequisquiapan,MX,20.5167,-99.8667,69.55,73,91,8.84,overcast clouds
190,Faanui,PF,-16.4833,-151.75,78.82,71,8,12.1,clear sky
191,Hofn,IS,64.2539,-15.2082,40.1,93,100,19.84,overcast clouds
192,Vysokogornyy,RU,50.1167,139.15,38.52,49,43,6.85,scattered clouds
193,Rawson,AR,-43.3002,-65.1023,50.9,45,3,21.14,clear sky
194,Armidale,AU,-30.5167,151.65,63.3,28,85,10.11,overcast clouds
195,Baruun-Urt,MN,46.6806,113.2792,40.24,49,3,8.01,clear sky
196,Mar Del Plata,AR,-38.0023,-57.5575,50.0,65,8,14.0,clear sky
197,Grand Gaube,MU,-20.0064,57.6608,72.37,77,8,1.99,clear sky
198,Chapleau,CA,47.8405,-83.4034,57.29,88,1,2.3,clear sky
199,Carnarvon,AU,-24.8667,113.6333,59.07,63,0,11.5,clear sky
200,Guerrero Negro,MX,27.9769,-114.0611,73.62,65,24,16.67,few clouds
201,Urumqi,CN,43.801,87.6005,34.75,87,90,4.47,light rain
202,Oranjemund,NA,-28.55,16.4333,60.17,61,0,6.31,clear sky
203,Yartsevo,RU,55.0667,32.6964,35.78,80,1,4.83,clear sky
204,Poltavka,RU,54.3663,71.7632,37.33,77,100,10.54,overcast clouds
205,Umm Kaddadah,SD,13.6017,26.6876,83.14,18,61,12.84,broken clouds
206,Saskylakh,RU,71.9167,114.0833,23.25,96,100,12.93,light snow
207,Hami,CN,42.8,93.45,51.35,42,91,11.18,overcast clouds
208,Sisimiut,GL,66.9395,-53.6735,35.62,75,100,4.99,overcast clouds
209,Cayenne,GF,4.9333,-52.3333,82.09,86,20,0.0,few clouds
210,Guaraniacu,BR,-25.1008,-52.8781,64.6,98,65,3.89,moderate rain
211,Coihaique,CL,-45.5752,-72.0662,49.95,50,75,6.91,broken clouds
212,Sandanski,BG,41.5667,23.2833,53.37,86,53,2.21,broken clouds
213,Korla,CN,41.7597,86.1469,55.56,35,90,6.44,overcast clouds
214,West Wendover,US,40.7391,-114.0733,58.21,67,89,14.97,overcast clouds
215,Sitka,US,57.0531,-135.33,48.09,71,40,0.0,light rain
216,Ponta Do Sol,PT,32.6667,-17.1,72.23,79,88,3.49,overcast clouds
217,Grootfontein,NA,-19.5667,18.1167,72.12,50,92,10.04,overcast clouds
218,Bandar-E Anzali,IR,37.4727,49.4622,61.2,79,100,20.51,overcast clouds
219,Veraval,IN,20.9,70.3667,81.36,79,99,9.1,overcast clouds
220,Mehamn,NO,71.0357,27.8492,40.91,70,100,14.34,overcast clouds
221,Los Palacios,CU,22.5872,-83.2486,77.41,84,29,4.68,scattered clouds
222,Nanortalik,GL,60.1432,-45.2371,38.21,63,97,4.16,overcast clouds
223,Puerto Ayacucho,VE,5.6639,-67.6236,78.55,86,99,3.42,overcast clouds
224,Aldan,RU,58.6031,125.3894,27.84,85,100,3.33,overcast clouds
225,Paidha,UG,2.4167,30.9855,59.18,90,26,5.84,light rain
226,Deputatskiy,RU,69.3,139.9,21.51,86,100,4.36,overcast clouds
227,Kaitangata,NZ,-46.2817,169.8464,65.07,49,85,3.8,overcast clouds
228,Awbari,LY,26.5921,12.7805,72.61,27,0,4.94,clear sky
229,Ulladulla,AU,-35.35,150.4667,79.88,33,18,10.56,few clouds
230,Port Macquarie,AU,-31.4333,152.9167,71.89,31,99,7.76,overcast clouds
231,Balikpapan,ID,-1.2675,116.8289,78.33,87,100,6.71,overcast clouds
232,Kirkuk,IQ,35.4681,44.3922,71.92,20,0,7.16,clear sky
233,Puerto Cabezas,NI,14.0351,-83.3888,78.76,94,40,0.0,light intensity drizzle
234,Port Lincoln,AU,-34.7333,135.8667,57.56,49,23,9.04,few clouds
235,Beringovskiy,RU,63.05,179.3167,34.2,76,98,8.93,overcast clouds
236,Hemsedal,NO,60.8629,8.5534,47.16,86,78,4.74,broken clouds
237,Sivaki,RU,52.6333,126.75,33.04,99,100,6.6,snow
238,Lolodorf,CM,3.2333,10.7333,70.75,100,91,1.79,overcast clouds
239,Mahibadhoo,MV,3.7833,72.9667,83.23,75,46,13.6,scattered clouds
240,Kailua,US,21.4022,-157.7394,87.78,63,20,16.11,few clouds
241,Rey Bouba,CM,8.6724,14.1786,75.11,83,35,1.07,scattered clouds
242,Klaksvik,FO,62.2266,-6.589,45.52,79,100,22.35,overcast clouds
243,Oussouye,SN,12.485,-16.5469,82.58,74,48,5.03,scattered clouds
244,San Quintin,MX,30.4833,-115.95,70.2,75,72,12.84,broken clouds
245,Bambous Virieux,MU,-20.3428,57.7575,72.21,94,40,6.91,scattered clouds
246,Mount Gambier,AU,-37.8333,140.7667,53.51,58,37,16.11,scattered clouds
247,Baykit,RU,61.67,96.37,34.7,93,100,8.77,overcast clouds
248,Vila,PT,42.0304,-8.1588,58.33,89,4,3.83,clear sky
249,Alyangula,AU,-13.8483,136.4192,84.07,74,40,5.75,scattered clouds
250,Sola,VU,-13.8833,167.55,80.85,75,54,11.95,broken clouds
251,Maningrida,AU,-12.0667,134.2667,88.2,50,44,6.26,scattered clouds
252,Novoagansk,RU,61.9449,76.6625,39.4,89,100,11.1,overcast clouds
253,Shimoda,JP,34.6667,138.95,68.36,82,96,7.27,overcast clouds
254,Suchitlan,MX,19.3667,-103.7167,70.59,88,90,11.5,thunderstorm
255,Tura,IN,25.5198,90.2201,72.28,88,13,2.21,few clouds
256,La Carolina,ES,38.2756,-3.6153,67.71,53,23,5.46,few clouds
257,Grand-Santi,GF,4.25,-54.3833,73.4,99,89,3.24,overcast clouds
258,Rocha,UY,-34.4833,-54.3333,49.71,60,60,15.28,broken clouds
259,Xining,CN,36.6167,101.7667,47.73,84,49,1.81,scattered clouds
260,Parry Sound,CA,45.3501,-80.033,62.51,77,3,1.12,clear sky
261,Hengshui,CN,37.7322,115.7011,49.73,88,20,5.19,few clouds
262,Nhulunbuy,AU,-12.2333,136.7667,86.61,54,20,11.5,few clouds
263,Chhabra,IN,24.6667,76.8333,77.79,74,15,1.92,few clouds
264,Azuaga,ES,38.2667,-5.6833,65.97,61,3,4.63,clear sky
265,Adrar,MR,20.5022,-10.0711,89.71,21,89,4.03,overcast clouds
266,San Felipe,VE,10.3399,-68.7425,73.94,99,99,2.64,overcast clouds
267,Fortuna,US,40.5982,-124.1573,66.47,63,20,3.0,few clouds
268,Nauta,PE,-4.5061,-73.5757,72.09,98,100,0.4,light rain
269,Robertsport,LR,6.7533,-11.3686,78.53,86,84,9.6,moderate rain
270,Esso,RU,55.9333,158.7,30.97,64,32,5.55,scattered clouds
271,Dingle,PH,10.9995,122.6711,80.58,83,83,0.85,broken clouds
272,College,US,64.8569,-147.8028,43.59,65,75,4.61,moderate rain
273,Dongkan,CN,33.9997,119.8308,71.46,89,83,9.78,light rain
274,San Miguel,SV,13.4833,-88.1833,87.46,66,40,3.44,scattered clouds
275,Awjilah,LY,29.1081,21.2869,67.26,63,0,7.7,clear sky
276,Williston,US,48.147,-103.618,90.01,15,100,18.92,overcast clouds
277,Meadow Lake,US,34.8014,-106.5436,77.45,42,5,8.75,clear sky
278,Usinsk,RU,65.9939,57.5281,44.28,84,100,14.54,overcast clouds
279,Tari,NG,12.4086,4.4914,81.75,63,100,8.46,overcast clouds
280,Huntsville,US,34.7304,-86.5861,70.3,96,90,1.01,heavy intensity rain
281,Liaozhong,CN,41.5061,122.7242,57.52,72,54,11.25,broken clouds
282,Boa Vista,BR,2.8197,-60.6733,89.58,51,40,5.75,scattered clouds
283,Pontianak,ID,-0.0333,109.3333,78.78,94,20,0.0,mist
284,Saint George,US,37.1041,-113.5841,79.43,34,1,1.01,clear sky
285,Wodonga,AU,-36.1167,146.8833,65.05,71,47,8.01,scattered clouds
286,Sawtell,AU,-30.3833,153.1,68.02,52,89,8.05,overcast clouds
287,Arusha,TZ,-3.3667,36.6833,62.37,77,20,11.5,few clouds
288,Lac Du Bonnet,CA,50.2536,-96.0612,74.97,36,5,10.4,clear sky
289,San Nicolas,PH,18.1725,120.5953,76.91,94,90,2.3,light rain
290,Fernandopolis,BR,-20.2839,-50.2464,82.49,47,17,8.46,few clouds
291,La Oroya,PE,-11.5189,-75.8994,46.38,87,94,4.32,light rain
292,Prieska,ZA,-29.6641,22.7474,65.05,24,2,6.87,clear sky
293,Balta,UA,47.9355,29.6198,40.53,42,0,8.84,clear sky
294,Huancavelica,PE,-12.7667,-74.9833,41.61,83,99,4.61,light rain
295,Itoman,JP,26.1247,127.6694,80.62,92,75,4.61,broken clouds
296,Grindavik,IS,63.8424,-22.4338,46.35,65,90,17.27,overcast clouds
297,Touros,BR,-5.1989,-35.4608,79.7,84,79,17.85,broken clouds
298,Talnakh,RU,69.4865,88.3972,34.92,100,100,5.64,light rain
299,Richards Bay,ZA,-28.783,32.0377,65.3,87,99,4.65,light rain
300,Surgut,RU,61.25,73.4167,37.58,93,0,11.18,clear sky
301,Oinoi,GR,38.3235,23.6101,63.54,81,17,1.01,few clouds
302,Villazon,BO,-22.0866,-65.5942,53.65,56,97,16.31,overcast clouds
303,Nuristan,AF,35.3,70.8333,36.27,30,0,11.32,clear sky
304,Havre-Saint-Pierre,CA,50.2334,-63.5986,53.6,93,1,9.22,clear sky
305,Graaff-Reinet,ZA,-32.2522,24.5308,53.92,90,0,2.73,clear sky
306,Kindu,CD,-2.95,25.95,69.3,95,94,0.96,overcast clouds
307,Fairbanks,US,64.8378,-147.7164,43.61,67,1,6.91,light rain
308,Russell,US,32.3502,-85.1999,78.08,89,75,5.75,broken clouds
309,Tautira,PF,-17.7333,-149.15,86.02,78,60,9.89,light rain
310,Sao Filipe,CV,14.8961,-24.4956,79.59,77,62,7.99,broken clouds
311,Tuktoyaktuk,CA,69.4541,-133.0374,37.4,65,20,16.11,few clouds
312,Marawi,PH,7.9986,124.2928,67.64,71,100,1.3,overcast clouds
313,Namasuba,UG,0.6894,32.4214,60.39,99,43,2.21,scattered clouds
314,Canmore,CA,51.0834,-115.3521,55.24,53,66,6.91,broken clouds
315,Tahe,CN,52.3333,124.7333,36.28,99,100,1.66,overcast clouds
316,Labuhan,ID,-6.8844,112.2051,78.73,68,92,13.62,overcast clouds
317,Rodrigues Alves,BR,-7.738,-72.6509,72.73,93,99,2.73,overcast clouds
318,Husavik,IS,66.0449,-17.3389,31.91,80,64,8.84,broken clouds
319,Salalah,OM,17.0151,54.0924,80.69,83,75,4.61,broken clouds
320,Phan Thiet,VN,10.9333,108.1,76.14,90,96,8.16,overcast clouds
321,Portland,US,45.5234,-122.6762,60.62,80,75,3.44,broken clouds
322,Shchebetovka,UA,44.9333,35.15,49.98,73,100,19.89,overcast clouds
323,Sao Joao De Pirabas,BR,-0.7747,-47.1772,80.94,77,96,7.63,overcast clouds
324,Linqiong,CN,30.4159,103.4609,66.02,90,99,1.66,overcast clouds
325,Dutlwe,BW,-23.9833,23.9,73.65,33,96,8.37,overcast clouds
326,Oum Hadjer,TD,13.2954,19.6966,82.6,18,28,6.53,scattered clouds
327,Marzuq,YE,14.4,46.4667,78.57,43,54,2.53,broken clouds
328,Cordoba,AR,-31.4135,-64.1811,58.75,37,0,3.0,clear sky
329,Shache,CN,38.4167,77.2406,55.45,40,0,4.63,clear sky
330,Maldonado,UY,-34.6667,-54.9167,51.22,68,54,13.24,broken clouds
331,Wukari,NG,7.85,9.7833,74.73,94,100,5.86,light rain
332,Waipawa,NZ,-41.4122,175.5153,59.63,94,100,6.76,overcast clouds
333,Banjar,ID,-8.19,114.9675,76.91,71,72,6.15,broken clouds
334,Taua,BR,-5.9667,-40.3,85.55,29,76,9.08,broken clouds
335,Abeche,TD,13.8292,20.8324,80.91,18,43,7.9,scattered clouds
336,Nabire,ID,-3.3667,135.4833,80.89,86,100,3.04,overcast clouds
337,Kruisfontein,ZA,-34.0033,24.7314,56.88,95,25,7.74,scattered clouds
338,Slatina,RO,44.4333,24.3667,53.44,72,67,14.58,broken clouds
339,Morehead,US,37.2711,-87.1764,74.91,82,1,4.61,clear sky
340,Abha,SA,18.2164,42.5053,64.22,39,0,4.61,clear sky
341,Krasnoselkup,RU,65.7,82.4667,41.16,94,100,18.79,light rain
342,Susanville,US,40.4163,-120.653,69.64,28,40,13.8,scattered clouds
343,Manacor,ES,39.5696,3.2096,61.34,70,66,2.35,broken clouds
344,Shenjiamen,CN,29.9576,122.298,77.76,85,28,11.5,light rain
345,Varadero,CU,23.1536,-81.2514,83.16,86,67,18.1,broken clouds
346,Meulaboh,ID,4.1363,96.1285,76.46,88,100,3.6,overcast clouds
347,Wakkanai,JP,45.4094,141.6739,51.78,82,75,5.75,broken clouds
348,Ludvika,SE,60.1496,15.1878,53.4,94,97,8.77,overcast clouds
349,Concordia,AR,-31.393,-58.0209,62.78,63,18,14.0,few clouds
350,Tessalit,ML,20.1986,1.0114,85.69,10,66,6.67,broken clouds
351,Gushikawa,JP,26.3544,127.8686,79.83,100,75,5.75,thunderstorm
352,Iranshahr,IR,27.2025,60.6848,78.82,34,1,0.29,clear sky
353,Comodoro Rivadavia,AR,-45.8667,-67.5,60.66,21,0,8.05,clear sky
354,Houma,US,29.5958,-90.7195,82.98,80,32,2.62,scattered clouds
355,Artyom,AZ,40.4723,50.333,57.34,54,99,19.91,overcast clouds
356,La Ronge,CA,55.1001,-105.2842,55.65,58,90,8.05,smoke
357,Luoyang,CN,34.6836,112.4536,55.65,88,100,2.28,overcast clouds
358,Nome,US,64.5011,-165.4064,42.87,76,90,10.36,light rain
359,Chumikan,RU,54.7183,135.315,38.5,64,36,17.67,scattered clouds
360,Ilulissat,GL,69.2167,-51.1,24.82,68,90,3.44,overcast clouds
361,Kathmandu,NP,27.7167,85.3167,68.22,94,75,2.3,broken clouds
362,Iqaluit,CA,63.7506,-68.5145,40.73,75,75,10.36,broken clouds
363,San Jose Pinula,GT,14.5461,-90.4114,72.12,86,40,4.0,scattered clouds
364,Beaverlodge,CA,55.2166,-119.4361,40.35,84,100,5.41,overcast clouds
365,Mareeba,AU,-17.0,145.4333,83.32,37,73,6.87,broken clouds
366,Zhurivka,UA,50.5028,31.7849,33.78,49,0,8.84,clear sky
367,Canora,CA,51.6333,-102.4343,75.22,19,98,11.61,overcast clouds
368,Esil,KZ,51.9556,66.4042,30.54,71,6,4.29,clear sky
369,Bagan,RU,54.1001,77.6646,32.49,89,93,7.36,overcast clouds
370,Fort-Shevchenko,KZ,44.5086,50.263,48.4,53,100,19.48,overcast clouds
371,Maragheh,IR,37.3917,46.2398,48.16,66,0,10.18,clear sky
372,Batagay-Alyta,RU,67.8006,130.4114,25.97,64,100,3.98,overcast clouds
373,Bonfim,BR,3.0833,-59.95,79.77,77,100,5.46,overcast clouds
374,Acarau,BR,-2.8856,-40.12,79.59,80,94,18.12,overcast clouds
375,Yomou,GN,7.5603,-9.2653,69.96,99,89,1.43,light rain
376,Somanda,TZ,-3.3667,33.95,73.24,40,86,5.84,overcast clouds
377,Sumy,UA,50.9216,34.8003,37.89,49,11,8.43,few clouds
378,Islamnagar,IN,28.3333,78.7167,76.77,67,3,2.17,clear sky
379,Arauca,CO,7.0847,-70.7591,75.51,93,100,1.81,overcast clouds
380,Alakurtti,RU,66.9672,30.3491,46.63,93,100,9.35,overcast clouds
381,Lieto,FI,60.5103,22.4618,54.93,83,90,10.36,overcast clouds
382,Gidam,IN,18.9833,81.4,71.06,93,28,1.36,scattered clouds
383,Chicama,PE,-7.8447,-79.1469,61.34,80,28,6.82,scattered clouds
384,Port Hardy,CA,50.6996,-127.4199,50.18,76,75,9.22,light intensity shower rain
385,Visnes,NO,59.3556,5.2242,54.21,93,90,0.0,overcast clouds
386,Isangel,VU,-19.55,169.2667,80.71,65,75,13.8,broken clouds
387,Ca Mau,VN,9.1769,105.15,77.25,92,97,9.66,overcast clouds
388,Cumberland,US,35.0502,-78.8664,79.61,70,1,4.61,clear sky
389,Tarrega,ES,41.647,1.1396,59.83,61,68,0.81,broken clouds
390,Abu Samrah,SY,35.3029,37.1841,63.45,26,0,4.41,clear sky
391,Sioux Lookout,CA,50.1001,-91.917,70.18,60,20,6.91,few clouds
392,Gamba,GA,-2.65,10.0,74.43,83,100,4.85,overcast clouds
393,Placido De Castro,BR,-10.3353,-67.1856,80.85,69,99,2.68,overcast clouds
394,Piedade,BR,-23.7119,-47.4278,70.5,69,84,3.89,broken clouds
395,Yerbogachen,RU,61.2767,108.0108,28.22,93,100,13.67,light snow
396,Malinao,PH,7.5917,124.6889,74.75,75,83,1.05,broken clouds
397,Mantua,IT,45.1667,10.7833,58.69,86,92,1.99,overcast clouds
398,Takaka,NZ,-40.85,172.8,62.98,92,100,5.75,overcast clouds
399,Bilibino,RU,68.0546,166.4372,7.5,92,91,0.54,overcast clouds
400,Alta Floresta,BR,-9.8756,-56.0861,72.77,92,77,4.34,broken clouds
401,Corovode,AL,40.5042,20.2272,59.61,84,99,8.61,overcast clouds
402,Tooele,US,40.5308,-112.2983,68.95,45,40,12.66,scattered clouds
403,Puerto Escondido,MX,15.85,-97.0667,86.83,62,20,6.91,few clouds
404,Qaqortoq,GL,60.7167,-46.0333,45.1,54,90,9.98,overcast clouds
405,Benjamin Constant,BR,-4.3831,-70.0311,75.0,98,78,2.13,broken clouds
406,Kavieng,PG,-2.5744,150.7967,81.91,70,100,2.77,overcast clouds
407,Liverpool,GB,53.4106,-2.9779,59.77,84,75,1.99,broken clouds
408,Udachnyy,RU,66.4167,112.4,29.88,92,100,10.47,overcast clouds
409,Rehoboth,NA,-23.3167,17.0833,63.05,21,20,8.05,few clouds
410,Charleston,US,32.7766,-79.9309,77.22,96,40,3.0,scattered clouds
411,Syava,RU,58.0146,46.3222,34.14,83,54,3.29,broken clouds
412,Kavaratti,IN,10.5669,72.642,82.26,74,100,8.03,overcast clouds
413,Brorup,DK,55.4819,9.0176,47.8,92,6,4.41,clear sky
414,Bentiu,SS,9.2333,29.8333,73.42,84,62,4.45,broken clouds
415,Pailon,BO,-17.65,-62.75,85.68,43,52,4.41,broken clouds
416,Ayr,GB,55.4627,-4.6339,58.98,94,75,11.5,broken clouds
417,Ahuimanu,US,21.4447,-157.8378,87.51,58,20,16.11,few clouds
418,Vila Franca Do Campo,PT,37.7167,-25.4333,75.2,92,100,10.58,overcast clouds
419,Dire Dawa,ET,9.5931,41.8661,71.51,63,58,5.64,light rain
420,Saint Anthony,US,45.0205,-93.218,73.02,70,1,6.91,clear sky
421,Pangnirtung,CA,66.1451,-65.7125,36.09,76,61,3.36,broken clouds
422,Mulege,MX,26.8833,-111.9833,86.74,40,10,7.29,clear sky
423,Kamenka,RU,51.3223,42.7678,40.12,57,100,5.59,overcast clouds
424,Arlit,NE,18.7369,7.3853,82.54,15,0,9.69,clear sky
425,Vardo,NO,70.3705,31.1107,44.11,79,100,11.5,overcast clouds
426,Aleksandrov Gay,RU,50.147,48.5704,38.48,54,24,6.31,few clouds
427,Puerto Madryn,AR,-42.7692,-65.0385,49.91,52,0,20.47,clear sky
428,Yarada,IN,17.65,83.2667,79.12,94,20,2.3,few clouds
429,Alingsas,SE,57.9303,12.5335,54.64,95,7,5.7,clear sky
430,Muros,ES,42.7762,-9.0603,66.24,92,2,5.53,clear sky
431,Poum,NC,-20.2333,164.0167,74.48,74,0,12.41,clear sky
432,Port-Gentil,GA,-0.7193,8.7815,78.76,78,75,9.22,broken clouds
433,Amla,IN,21.9333,78.1167,70.05,86,46,4.14,scattered clouds
434,Teya,RU,60.3778,92.6267,33.4,90,100,8.77,overcast clouds
435,Nuuk,GL,64.1835,-51.7216,38.01,60,90,8.05,overcast clouds
436,Belaya Gora,RU,68.5333,146.4167,24.67,64,86,6.69,overcast clouds
437,Mangan,IN,27.5167,88.5333,69.71,82,37,3.44,scattered clouds
438,Fort Dodge,US,42.4975,-94.168,71.82,68,20,8.05,few clouds
439,Tiznit,MA,29.5833,-9.5,74.23,39,93,1.19,overcast clouds
440,Yulara,AU,-25.2406,130.9889,62.44,48,0,13.8,clear sky
441,Lokosovo,RU,61.1333,74.8167,37.62,92,100,9.98,overcast clouds
442,Santiago De Cao,PE,-7.9589,-79.2392,62.73,82,35,8.05,scattered clouds
443,Ciudad Bolivar,VE,8.1222,-63.5497,81.93,72,89,12.44,overcast clouds
444,Cascais,PT,38.6979,-9.4215,71.51,65,78,5.01,broken clouds
445,Kawalu,ID,-7.3817,108.2082,71.96,91,99,1.99,overcast clouds
446,Samarai,PG,-10.6167,150.6667,81.93,76,56,7.49,broken clouds
447,Faya,SA,18.3851,42.4509,64.51,38,45,4.81,scattered clouds
448,Gat,IL,31.61,34.7642,69.82,60,0,4.25,clear sky
449,Tiksi,RU,71.6872,128.8694,27.45,90,100,9.26,overcast clouds
450,Kaeo,NZ,-35.1,173.7833,61.32,97,100,3.67,light rain
451,Roma,US,43.2128,-75.4557,63.43,90,1,0.0,clear sky
452,Todos Santos,MX,23.45,-110.2167,92.01,77,1,7.25,clear sky
453,Tazmalt,DZ,36.3868,4.3989,63.1,83,86,2.98,overcast clouds
454,Kota Belud,MY,6.351,116.4305,78.66,72,60,1.57,broken clouds
455,Agirish,RU,61.9247,63.0231,40.23,79,99,10.92,overcast clouds
456,Escada,BR,-8.3592,-35.2236,77.74,93,46,5.57,scattered clouds
457,Yucaipa,US,34.0336,-117.0431,78.94,56,1,1.99,clear sky
458,Cotonou,BJ,6.3654,2.4183,76.98,94,20,2.3,few clouds
459,Novoilinsk,RU,51.6829,108.7143,35.08,87,4,2.13,clear sky
460,Nazare,BR,-13.035,-39.0144,70.88,91,16,2.35,few clouds
461,Kigoma,TZ,-4.8769,29.6267,76.59,69,37,5.48,scattered clouds
462,Darhan,MN,49.4867,105.9228,42.12,71,100,4.47,overcast clouds
463,Clyde River,CA,70.4692,-68.5914,34.03,100,90,5.75,overcast clouds
464,Hohhot,CN,40.8106,111.6522,46.69,87,40,4.47,scattered clouds
465,Horn Lake,US,34.9554,-90.0348,75.22,73,40,5.01,scattered clouds
466,Araouane,ML,18.9048,-3.5265,91.6,15,13,7.14,few clouds
467,Chongoyape,PE,-6.6406,-79.3892,63.57,70,27,5.06,scattered clouds
468,Sulina,RO,45.1559,29.6536,57.42,68,100,19.82,overcast clouds
469,Ust-Nera,RU,64.5667,143.2,23.67,76,95,5.41,overcast clouds
470,San Joaquin,US,37.9333,-121.3011,79.11,35,1,6.91,clear sky
471,Nelson Bay,AU,-32.7167,152.15,72.09,48,100,7.72,overcast clouds
472,Te Anau,NZ,-45.4167,167.7167,54.82,70,86,5.06,overcast clouds
473,Byron Bay,AU,-28.65,153.6167,77.05,50,21,11.21,few clouds
474,Zhigansk,RU,66.7697,123.3711,27.9,91,100,21.56,light snow
475,Huaicheng,CN,23.9051,112.1931,77.7,65,78,3.29,broken clouds
476,Ankazoabo,MG,-22.2833,44.5167,62.42,65,0,12.57,clear sky
477,Felanitx,ES,39.4696,3.1483,60.96,70,56,0.45,broken clouds
478,Razdolinsk,RU,58.4211,94.6658,28.26,86,95,8.9,overcast clouds
479,Pringsewu,ID,-5.3582,104.9744,76.12,83,96,6.06,overcast clouds
480,Kokopo,PG,-4.352,152.2633,83.32,68,63,3.71,broken clouds
481,Ayan,RU,56.45,138.1667,39.81,50,99,9.1,overcast clouds
482,Lucapa,AO,-8.4192,20.7447,64.81,96,98,3.8,overcast clouds
483,Lavumisa,SZ,-27.31,31.892,69.12,92,100,3.4,light rain
484,Chhoti Sadri,IN,24.3833,74.7,77.59,74,68,0.51,broken clouds
485,Vao,NC,-22.6667,167.4833,69.93,63,0,16.33,clear sky
486,Gorgan,IR,36.8387,54.4348,64.36,82,90,0.0,overcast clouds
487,Andros Town,BS,24.7,-77.7667,82.94,73,71,13.06,broken clouds
488,Broome,US,42.2506,-75.833,66.83,78,1,3.44,clear sky
489,Perico,CU,22.7692,-81.0189,82.81,84,84,10.29,broken clouds
490,Ishigaki,JP,24.3448,124.1572,82.53,89,40,5.75,scattered clouds
491,Cap Malheureux,MU,-19.9842,57.6142,72.46,77,7,1.99,clear sky
492,Sarakhs,IR,36.5449,61.1577,48.34,46,14,2.3,few clouds
493,Coahuayana,MX,18.7333,-103.6833,81.88,79,44,2.91,scattered clouds
494,Kurchum,KZ,48.5722,83.6542,30.69,81,17,1.54,few clouds
495,Dubti,ET,11.7361,41.0853,89.83,40,90,6.51,overcast clouds
496,Gladstone,AU,-23.85,151.25,79.79,57,0,8.05,clear sky
497,Kudahuvadhoo,MV,2.6708,72.8944,83.08,73,22,13.02,few clouds
498,Pemba,MZ,-12.974,40.5178,76.3,81,30,13.35,scattered clouds
499,Morant Bay,JM,17.8815,-76.4093,85.62,83,97,9.4,overcast clouds
500,San Jose,US,37.3394,-121.895,72.72,59,75,5.01,broken clouds
501,Akyab,MM,20.15,92.9,78.87,90,50,6.93,scattered clouds
502,Haicheng,CN,40.8516,122.7475,51.39,80,64,10.18,broken clouds
503,Ryazhsk,RU,53.7038,40.1109,36.57,69,74,4.41,broken clouds
504,Vila Velha,BR,-20.3297,-40.2925,73.35,88,40,4.61,scattered clouds
505,Mikkeli,FI,61.6886,27.2723,53.71,62,0,10.36,clear sky
506,Seevetal,DE,53.4,9.9667,48.99,93,38,1.14,scattered clouds
507,Berlevag,NO,70.8578,29.0864,40.95,81,75,9.22,broken clouds
508,Selcuk,TR,37.9514,27.3685,65.01,75,0,5.35,clear sky
509,Avera,US,33.194,-82.5271,73.27,91,100,6.82,light rain
510,Honiara,SB,-9.4333,159.95,86.88,66,60,7.65,broken clouds
511,Usoke,TZ,-5.1667,32.35,71.29,32,47,3.0,scattered clouds
512,Manokwari,ID,-0.8667,134.0833,81.36,73,100,2.98,overcast clouds
513,Henties Bay,NA,-22.116,14.2845,55.85,84,1,2.82,clear sky
514,Siocon,PH,7.7061,122.1353,82.83,77,71,0.98,broken clouds
515,Belogorsk,RU,50.9158,128.4611,41.4,57,98,12.59,overcast clouds
516,Burkburnett,US,34.0979,-98.5706,83.08,32,1,4.61,clear sky
517,Iracoubo,GF,5.4802,-53.2011,80.73,82,100,9.04,light rain
518,Farafangana,MG,-22.8167,47.8333,66.87,84,100,8.39,light rain
519,Basco,PH,20.4487,121.9702,83.32,78,99,16.93,overcast clouds
520,Pocone,BR,-16.2567,-56.6228,86.97,46,57,5.99,broken clouds
521,Ponta Delgada,PT,37.7333,-25.6667,75.51,94,40,12.66,scattered clouds
522,Port Blair,IN,11.6667,92.75,80.55,82,100,11.32,overcast clouds
523,Kangalassy,RU,62.3464,129.9628,31.93,79,85,7.4,overcast clouds
524,Dhidhdhoo,MV,6.8833,73.1,81.86,79,100,14.94,overcast clouds
525,Lakatoro,VU,-16.0999,167.4164,82.65,72,76,4.81,broken clouds
526,Linden,GY,6.0,-58.3,78.94,96,100,3.67,moderate rain
527,Polyarnyy,RU,69.1989,33.4478,46.87,92,100,9.95,overcast clouds
528,Flin Flon,CA,54.7682,-101.865,58.84,51,90,8.05,overcast clouds
529,Bonthe,SL,7.5264,-12.505,78.04,87,82,5.84,light rain
530,Sochi,RU,43.6,39.7303,53.69,78,76,3.78,broken clouds
531,Manjacaze,MZ,-24.7117,33.8828,68.54,78,89,5.08,overcast clouds
532,Hobyo,SO,5.3505,48.5268,77.9,85,45,21.23,scattered clouds
533,Sulangan,PH,11.1373,123.7228,83.32,76,93,8.37,overcast clouds
534,San-Pedro,CI,4.7485,-6.6363,76.96,90,96,3.65,light rain
535,Kyaukse,MM,21.6,96.1333,77.07,85,33,2.28,scattered clouds
536,Srandakan,ID,-7.9386,110.2506,77.59,69,95,5.53,overcast clouds
537,Piacabucu,BR,-10.4056,-36.4344,75.24,85,25,8.86,scattered clouds
538,Sestri Levante,IT,44.2732,9.3968,66.11,63,83,1.99,broken clouds
539,Antalaha,MG,-14.9003,50.2788,67.01,86,95,4.41,overcast clouds
540,Montague,US,42.5356,-72.5351,64.31,79,20,0.87,few clouds
541,Huambo,AO,-12.7761,15.7392,63.3,67,100,6.62,overcast clouds
542,Astana,KZ,51.1801,71.446,22.95,86,0,6.71,clear sky
543,Aykhal,RU,66.0,111.5,27.88,95,100,13.58,overcast clouds
544,Pangoa,PE,-12.1167,-73.0,75.06,67,89,2.46,overcast clouds
545,Bad Munstereifel,DE,50.55,6.7667,51.58,90,95,8.05,overcast clouds
546,Dwarka,IN,22.2394,68.9678,81.41,78,54,9.31,broken clouds
547,Mizan Teferi,ET,6.9833,35.5833,61.66,94,97,2.1,light rain
548,Pemberton,CA,50.3164,-122.8027,49.86,99,99,3.53,overcast clouds
549,Taoudenni,ML,22.6783,-3.9836,91.24,8,2,12.35,clear sky
550,Chopda,IN,21.25,75.3,78.44,81,33,4.68,scattered clouds
551,Tabou,CI,4.423,-7.3528,77.77,87,73,6.98,broken clouds
552,Roald,NO,62.5833,6.1333,52.16,87,75,17.27,broken clouds
553,Seydi,TM,39.4816,62.9137,47.66,24,0,14.85,clear sky
554,Greensboro,US,36.0726,-79.792,73.35,80,75,5.75,broken clouds
555,Katangli,RU,51.7102,143.2326,43.47,58,10,5.88,clear sky
556,Uong Bi,VN,21.0333,106.7833,80.58,79,98,2.8,overcast clouds
557,Harper,LR,4.375,-7.7169,77.92,86,66,7.81,broken clouds
558,Flinders,AU,-34.5833,150.8552,80.06,44,50,7.78,scattered clouds
559,Dudinka,RU,69.4058,86.1778,36.34,99,100,5.57,overcast clouds
560,Mandeville,JM,18.0417,-77.5071,77.05,92,100,2.48,overcast clouds
561,Odienne,CI,9.51,-7.5692,72.39,92,79,1.74,broken clouds
562,Maun,BW,-19.9833,23.4167,73.36,56,0,0.0,clear sky
563,Mega,ET,4.05,38.3,63.55,57,95,7.11,overcast clouds
564,Fukuma,JP,33.7667,130.4667,79.03,61,0,4.76,clear sky
565,Odweyne,SO,9.4092,45.064,75.99,60,97,2.48,overcast clouds
566,Muramatsu,JP,37.6833,139.1833,66.22,71,23,2.39,few clouds
567,Amapa,BR,1.0,-52.0,75.24,86,100,3.27,overcast clouds
568,Kultuk,RU,51.7208,103.6956,36.63,86,64,3.4,broken clouds
569,Khor,RU,47.8861,134.9464,45.84,47,41,5.17,scattered clouds
570,Naze,JP,28.3667,129.4833,77.92,67,97,16.8,overcast clouds
571,Ulaangom,MN,49.9811,92.0667,38.62,60,97,4.14,overcast clouds
572,Mandiana,GN,10.6333,-8.6833,77.41,75,84,3.78,broken clouds
573,Helena,US,46.5927,-112.0361,71.35,39,75,4.0,broken clouds
574,Kushmurun,KZ,52.4503,64.6311,34.25,63,1,4.76,clear sky
575,Dunedin,NZ,-45.8742,170.5036,60.8,73,98,10.0,overcast clouds
576,Puro,PH,12.4841,123.3827,82.87,74,99,5.32,overcast clouds
577,Vilhena,BR,-12.7406,-60.1458,79.02,73,0,6.91,light rain
578,Maceio,BR,-9.6658,-35.7353,80.04,78,20,6.91,few clouds
579,Vulcan,RO,45.3833,23.2667,43.52,93,99,6.08,overcast clouds
580,La Rioja,ES,42.25,-2.5,47.48,60,10,5.99,clear sky
581,Mandalgovi,MN,45.7625,106.2708,44.11,48,92,7.18,overcast clouds
582,Sainte-Rose,GP,16.3324,-61.6979,80.64,78,20,3.44,few clouds
583,Santiago Tuxtla,MX,18.4667,-95.3,73.9,87,65,6.67,broken clouds
584,Kaifeng,CN,34.7911,114.3483,52.66,91,100,11.1,overcast clouds
585,Iguape,BR,-24.7081,-47.5553,67.5,95,87,3.42,overcast clouds
586,Ipixuna,BR,-1.7625,-48.8043,80.55,90,99,5.46,overcast clouds
587,Saint-Joseph,RE,-21.3667,55.6167,68.38,83,16,4.23,few clouds
588,Stolin,BY,51.8912,26.846,41.88,56,38,10.58,scattered clouds
589,Simbahan,PH,6.3032,120.5836,83.21,77,42,8.59,scattered clouds
590,Jardim,BR,-21.4803,-56.1381,78.71,71,79,2.19,broken clouds
591,Denpasar,ID,-8.65,115.2167,76.71,83,20,1.14,few clouds
592,Smithers,CA,54.7804,-127.1743,43.12,65,75,3.44,light rain
593,Dong Hoi,VN,17.4833,106.6,77.38,91,100,14.07,overcast clouds
594,Yeniseysk,RU,58.4497,92.1703,31.33,96,100,7.25,light snow
595,Paita,PE,-5.0892,-81.1144,68.56,87,20,16.53,few clouds
596,Juneau,US,58.3019,-134.4197,46.4,72,90,8.05,overcast clouds
597,Aksarka,RU,66.5606,67.7975,44.83,84,100,15.68,overcast clouds
598,Praia Da Vitoria,PT,38.7333,-27.0667,73.65,83,40,6.29,scattered clouds
599,Gimli,CA,50.6336,-96.9907,79.43,53,62,14.97,broken clouds
600,Staicele,LV,57.8364,24.75,49.37,66,79,10.85,broken clouds
601,Antofagasta,CL,-23.65,-70.4,58.28,78,87,3.44,overcast clouds
602,Ilmenau,DE,50.6833,10.9,48.4,91,84,5.79,broken clouds
603,Tiarei,PF,-17.5333,-149.3333,86.02,77,66,10.36,broken clouds
604,Houston,US,29.7633,-95.3633,86.2,46,1,3.0,clear sky
605,Hovd,MN,48.0056,91.6419,34.56,43,0,9.42,clear sky
606,Los Llanos De Aridane,ES,28.6585,-17.9182,69.55,89,90,6.91,overcast clouds
607,Muzhi,RU,65.3667,64.6667,46.26,77,100,15.52,overcast clouds
608,Yamada,JP,39.4667,141.95,61.54,78,76,2.68,broken clouds
609,San Cristobal,VE,7.7669,-72.225,73.58,96,70,3.09,broken clouds
610,Orlik,RU,52.5178,99.825,25.2,69,15,1.39,few clouds
611,Nouakchott,MR,18.0858,-15.9785,78.73,76,100,11.1,overcast clouds
612,Soyo,AO,-6.1349,12.3689,76.01,82,95,5.88,overcast clouds
613,Bow Island,CA,49.8668,-111.3684,71.35,28,93,12.66,overcast clouds
614,Katsuura,JP,35.1333,140.3,72.1,74,100,11.34,overcast clouds
615,Rincon,US,32.296,-81.2354,76.86,99,90,5.75,overcast clouds
616,Pacific Grove,US,36.6177,-121.9166,70.14,74,1,5.01,clear sky
617,Effingham,US,32.3669,-81.3332,76.84,98,100,4.59,overcast clouds
618,Moba,CN,33.2288,105.0179,51.31,82,100,3.06,overcast clouds
619,Karasburg,NA,-28.0167,18.75,64.17,24,0,10.13,clear sky
620,Aden,YE,12.7794,45.0367,86.13,82,10,7.49,clear sky
621,Cocobeach,GA,1.0002,9.5823,78.73,90,100,12.21,light rain
622,Eyl,SO,7.9803,49.8164,78.35,82,80,15.01,broken clouds
623,Aksarayskiy,RU,46.7924,48.0119,35.55,35,32,12.73,scattered clouds
624,Kamaishi,JP,39.2667,141.8833,56.35,80,51,3.31,broken clouds
625,Kysyl-Syr,RU,63.8986,122.7617,28.69,84,62,10.29,broken clouds
626,Salinopolis,BR,-0.6136,-47.3561,81.52,78,98,10.96,overcast clouds
627,Sao Jose Da Coroa Grande,BR,-8.8978,-35.1478,75.74,84,28,9.48,scattered clouds
628,Huarmey,PE,-10.0681,-78.1522,64.4,84,14,8.39,few clouds
629,Angoche,MZ,-16.2325,39.9086,75.61,74,49,13.69,scattered clouds
630,Batsfjord,NO,70.6345,29.7185,40.93,83,100,8.68,overcast clouds
631,Owando,CG,-0.4819,15.8999,74.7,83,99,1.03,overcast clouds
632,Glenwood Springs,US,39.5505,-107.3248,67.8,58,88,6.49,overcast clouds
633,Cholet,FR,47.1667,-1.0,49.32,86,41,3.09,scattered clouds
634,Cedar Rapids,US,42.0083,-91.6441,72.52,78,90,1.01,overcast clouds
635,Sangar,RU,63.9242,127.4739,29.59,85,95,3.53,overcast clouds
636,Batemans Bay,AU,-35.7167,150.1833,74.98,30,1,10.49,clear sky
637,Robore,BO,-18.3333,-59.75,87.89,62,83,0.0,broken clouds
638,Dryden,CA,49.7833,-92.7503,70.09,60,1,10.36,clear sky
639,Katy,US,29.7858,-95.8244,85.86,50,1,0.0,clear sky
640,Beian,NO,63.6559,9.5683,51.01,87,75,17.27,broken clouds
641,Aktash,RU,50.3,87.7333,14.25,87,96,4.03,overcast clouds
642,Dobrusevo,MK,41.1686,21.4825,54.34,87,84,3.85,broken clouds
643,Sibolga,ID,1.7427,98.7792,76.51,85,100,2.21,overcast clouds
644,Parkes,AU,-33.1333,148.1833,65.35,41,92,1.01,overcast clouds
645,Terrace Bay,CA,48.7834,-87.1,56.82,93,12,5.57,few clouds
646,Camacha,PT,33.0833,-16.3333,69.22,73,40,8.05,scattered clouds
647,Sivas,TR,39.7916,37.0019,32.63,100,20,2.3,fog
648,Chernyshevskiy,RU,63.0128,112.4714,27.39,92,100,12.53,light snow
649,Margate,GB,51.3813,1.3862,52.7,72,27,7.25,scattered clouds
650,Shintomi,JP,32.0785,131.4723,72.72,67,0,2.35,clear sky
651,Candelaria,PH,13.9311,121.4233,78.39,86,100,1.97,overcast clouds
652,Naryan-Mar,RU,67.6713,53.087,46.27,79,100,17.63,overcast clouds
653,Kununurra,AU,-15.7667,128.7333,84.18,65,53,4.61,broken clouds
